{
    "local_variable": {
        "1311211524": {
            "variable_dict": {}, 
            "variable_length_dict": {}
        }, 
        "2026467331": {
            "variable_dict": {
                "STRING": {
                    "\u5f53\u524d\u653b\u51fb\u52a8\u753b": ""
                }
            }, 
            "variable_length_dict": {
                "\u5f53\u524d\u653b\u51fb\u52a8\u753b": 0
            }
        }, 
        "2027696129": {
            "variable_dict": {
                "FLOAT": {
                    "\u65f6\u95f4\u95f4\u9694": 0.0
                }, 
                "INTEGER": {
                    "\u5f53\u524d\u653b\u51fb\u52a8\u753b\u5e8f\u53f7": 0, 
                    "\u7d2f\u52a0\u503c": 0
                }, 
                "STRING": {
                    "\u5f53\u524d\u653b\u51fb\u52a8\u753b": ""
                }
            }, 
            "variable_length_dict": {
                "\u5f53\u524d\u653b\u51fb\u52a8\u753b": 0, 
                "\u5f53\u524d\u653b\u51fb\u52a8\u753b\u5e8f\u53f7": 0, 
                "\u65f6\u95f4\u95f4\u9694": 0, 
                "\u7d2f\u52a0\u503c": 0
            }
        }
    }, 
    "trigger_dict": {
        "1311211524": {
            "action": [
                {
                    "action_type": "IF_THEN_ELSE", 
                    "args_list": [
                        {
                            "arg_type": 100021, 
                            "args_list": [
                                {
                                    "args_list": [
                                        {
                                            "arg_type": 100181, 
                                            "args_list": [
                                                {
                                                    "__tuple__": true, 
                                                    "items": [
                                                        "NEW_TIMER", 
                                                        "\u65bd\u6cd5\u8ba1\u65f6", 
                                                        "actor"
                                                    ]
                                                }
                                            ], 
                                            "sub_type": "VARIABLE"
                                        }
                                    ], 
                                    "condition_type": "TYPE_IS_EXIST", 
                                    "element_id": 1311211524000002, 
                                    "enable": true
                                }
                            ], 
                            "sub_type": 1
                        }, 
                        {
                            "arg_type": 100022, 
                            "args_list": [
                                {
                                    "action_type": "DELETE_TIMER", 
                                    "args_list": [
                                        {
                                            "arg_type": 100181, 
                                            "args_list": [
                                                {
                                                    "__tuple__": true, 
                                                    "items": [
                                                        "NEW_TIMER", 
                                                        "\u65bd\u6cd5\u8ba1\u65f6", 
                                                        "actor"
                                                    ]
                                                }
                                            ], 
                                            "sub_type": "VARIABLE"
                                        }
                                    ], 
                                    "bp": false, 
                                    "element_id": 1311211524000003, 
                                    "enable": true
                                }
                            ], 
                            "sub_type": 1
                        }, 
                        {
                            "arg_type": 100022, 
                            "args_list": [], 
                            "sub_type": 1
                        }
                    ], 
                    "bp": false, 
                    "element_id": 1311211524000004, 
                    "enable": true, 
                    "fake_op": [
                        2
                    ]
                }
            ], 
            "call_enabled": true, 
            "condition": [], 
            "enabled": true, 
            "event": [
                {
                    "args_list": [], 
                    "element_id": 1311211524000001, 
                    "enable": true, 
                    "event_type": "ABILITY_END"
                }
            ], 
            "group_id": 10101068, 
            "p_trigger_id": null, 
            "trigger_id": 1311211524, 
            "trigger_name": "\u65b0\u5efa\u89e6\u53d1\u5668_2", 
            "valid": true, 
            "var_data": [
                {}, 
                {}, 
                []
            ]
        }, 
        "2026467331": {
            "action": [
                {
                    "action_type": "PLAY_ANIMATION", 
                    "args_list": [
                        {
                            "arg_type": 100006, 
                            "args_list": [], 
                            "sub_type": "ABILITY_OWNER"
                        }, 
                        {
                            "arg_type": 100003, 
                            "args_list": [
                                {
                                    "arg_type": 100014, 
                                    "args_list": [], 
                                    "sub_type": "CUR_ABILITY"
                                }, 
                                {
                                    "arg_type": 100003, 
                                    "args_list": [
                                        "\u653b\u51fb\u52a8\u753b"
                                    ], 
                                    "sub_type": 1
                                }
                            ], 
                            "sub_type": "GET_STRING_KV"
                        }, 
                        {
                            "arg_type": 100000, 
                            "args_list": [
                                1.0
                            ], 
                            "sub_type": 1
                        }, 
                        {
                            "arg_type": 100000, 
                            "args_list": [
                                0.0
                            ], 
                            "sub_type": 1
                        }, 
                        {
                            "arg_type": 100000, 
                            "args_list": [
                                -1.0
                            ], 
                            "sub_type": 1
                        }, 
                        {
                            "arg_type": 100001, 
                            "args_list": [
                                false
                            ], 
                            "sub_type": 1
                        }, 
                        {
                            "arg_type": 100001, 
                            "args_list": [
                                true
                            ], 
                            "sub_type": 1
                        }
                    ], 
                    "bp": false, 
                    "element_id": 2027696129000032, 
                    "enable": true
                }, 
                {
                    "action_type": "ADD_MODIFIER", 
                    "args_list": [
                        {
                            "arg_type": 100006, 
                            "args_list": [], 
                            "sub_type": "ABILITY_OWNER"
                        }, 
                        {
                            "arg_type": 100046, 
                            "args_list": [
                                {
                                    "arg_type": 100014, 
                                    "args_list": [], 
                                    "sub_type": "CUR_ABILITY"
                                }, 
                                {
                                    "arg_type": 100003, 
                                    "args_list": [
                                        "\u6280\u80fd\u8868\u73b0\u9b54\u6cd5\u6548\u679c"
                                    ], 
                                    "sub_type": 1
                                }
                            ], 
                            "sub_type": "GET_MODIFIER_KV"
                        }
                    ], 
                    "bp": false, 
                    "element_id": 2026467331000051, 
                    "enable": true, 
                    "op_arg": [
                        {
                            "arg_type": 100006, 
                            "args_list": [], 
                            "sub_type": "ABILITY_OWNER"
                        }, 
                        {
                            "arg_type": 100014, 
                            "args_list": [], 
                            "sub_type": "CUR_ABILITY"
                        }, 
                        {
                            "arg_type": 100000, 
                            "args_list": [
                                4.0
                            ], 
                            "sub_type": 1
                        }, 
                        null, 
                        null, 
                        null
                    ], 
                    "op_arg_enable": [
                        true, 
                        true, 
                        true, 
                        false, 
                        false, 
                        false
                    ]
                }
            ], 
            "call_enabled": true, 
            "condition": [], 
            "enabled": true, 
            "event": [
                {
                    "args_list": [], 
                    "element_id": 2026467331000002, 
                    "enable": true, 
                    "event_type": "ABILITY_PS_END"
                }
            ], 
            "group_id": 10101068, 
            "p_trigger_id": null, 
            "trigger_id": 2026467331, 
            "trigger_name": "\u65b0\u5efa\u89e6\u53d1\u5668", 
            "valid": true, 
            "var_data": [
                {
                    "STRING": {
                        "\u5f53\u524d\u653b\u51fb\u52a8\u753b": ""
                    }
                }, 
                {
                    "\u5f53\u524d\u653b\u51fb\u52a8\u753b": 0
                }, 
                [
                    "\u5f53\u524d\u653b\u51fb\u52a8\u753b"
                ]
            ]
        }, 
        "2027696129": {
            "action": [
                {
                    "action_type": "SET_VARIABLE", 
                    "args_list": [
                        {
                            "arg_type": 100030, 
                            "args_list": [
                                {
                                    "__tuple__": true, 
                                    "items": [
                                        "TABLE", 
                                        "\u53d7\u51fb\u7edf\u8ba1\u8868", 
                                        "actor"
                                    ]
                                }
                            ], 
                            "sub_type": 1
                        }, 
                        {
                            "arg_type": 100011, 
                            "args_list": [], 
                            "sub_type": "GET_NEW_TABLE"
                        }
                    ], 
                    "bp": false, 
                    "element_id": 2027696129000211, 
                    "enable": true
                }, 
                {
                    "action_type": "SET_VARIABLE", 
                    "args_list": [
                        {
                            "arg_type": 100030, 
                            "args_list": [
                                [
                                    "UNIT_GROUP", 
                                    "\u53d7\u51fb\u8d85\u6807\u5355\u4f4d\u7ec4", 
                                    "actor"
                                ]
                            ], 
                            "sub_type": 1
                        }, 
                        {
                            "arg_type": 100026, 
                            "args_list": [], 
                            "sub_type": "NONE_UNIT_GROUP"
                        }
                    ], 
                    "bp": false, 
                    "element_id": 2027696129000195, 
                    "enable": true
                }, 
                {
                    "action_type": "SET_VARIABLE", 
                    "args_list": [
                        {
                            "arg_type": 100030, 
                            "args_list": [
                                {
                                    "__tuple__": true, 
                                    "items": [
                                        "FLOAT", 
                                        "\u65f6\u95f4\u95f4\u9694", 
                                        "local"
                                    ]
                                }
                            ], 
                            "sub_type": 1
                        }, 
                        {
                            "arg_type": 100000, 
                            "args_list": [
                                {
                                    "arg_type": 100000, 
                                    "args_list": [
                                        1.8
                                    ], 
                                    "sub_type": 1
                                }, 
                                {
                                    "arg_type": 100017, 
                                    "args_list": [
                                        "/"
                                    ], 
                                    "sub_type": 1
                                }, 
                                {
                                    "arg_type": 100002, 
                                    "args_list": [
                                        {
                                            "arg_type": 100014, 
                                            "args_list": [], 
                                            "sub_type": "CUR_ABILITY"
                                        }, 
                                        {
                                            "arg_type": 100003, 
                                            "args_list": [
                                                "\u653b\u51fb\u6b21\u6570"
                                            ], 
                                            "sub_type": 1
                                        }
                                    ], 
                                    "sub_type": "GET_INTEGER_KV"
                                }
                            ], 
                            "sub_type": "ARITHMETIC_OPERATION"
                        }
                    ], 
                    "bp": false, 
                    "element_id": 2027696129000148, 
                    "enable": true
                }, 
                {
                    "action_type": "RUN_COUNT_TIMER", 
                    "args_list": [
                        {
                            "arg_type": 100181, 
                            "args_list": [
                                {
                                    "__tuple__": true, 
                                    "items": [
                                        "NEW_TIMER", 
                                        "\u65bd\u6cd5\u8ba1\u65f6", 
                                        "actor"
                                    ]
                                }
                            ], 
                            "sub_type": "VARIABLE"
                        }, 
                        {
                            "arg_type": 100000, 
                            "args_list": [
                                {
                                    "__tuple__": true, 
                                    "items": [
                                        "FLOAT", 
                                        "\u65f6\u95f4\u95f4\u9694", 
                                        "local"
                                    ]
                                }
                            ], 
                            "sub_type": 2
                        }, 
                        {
                            "arg_type": 100002, 
                            "args_list": [
                                {
                                    "arg_type": 100014, 
                                    "args_list": [], 
                                    "sub_type": "CUR_ABILITY"
                                }, 
                                {
                                    "arg_type": 100003, 
                                    "args_list": [
                                        "\u653b\u51fb\u6b21\u6570"
                                    ], 
                                    "sub_type": 1
                                }
                            ], 
                            "sub_type": "GET_INTEGER_KV"
                        }, 
                        {
                            "arg_type": 100001, 
                            "args_list": [
                                true
                            ], 
                            "sub_type": 1
                        }, 
                        {
                            "arg_type": 100022, 
                            "args_list": [
                                {
                                    "action_type": "SET_VARIABLE", 
                                    "args_list": [
                                        {
                                            "arg_type": 100030, 
                                            "args_list": [
                                                {
                                                    "__tuple__": true, 
                                                    "items": [
                                                        "UNIT_ENTITY", 
                                                        "\u76ee\u6807\u5355\u4f4d", 
                                                        "actor"
                                                    ]
                                                }
                                            ], 
                                            "sub_type": 1
                                        }, 
                                        {
                                            "arg_type": 100006, 
                                            "args_list": [
                                                {
                                                    "arg_type": 100026, 
                                                    "args_list": [
                                                        {
                                                            "arg_type": 100004, 
                                                            "args_list": [
                                                                {
                                                                    "arg_type": 100006, 
                                                                    "args_list": [], 
                                                                    "sub_type": "ABILITY_OWNER"
                                                                }
                                                            ], 
                                                            "sub_type": "UNIT_ENTITY_POINT"
                                                        }, 
                                                        {
                                                            "arg_type": 100211, 
                                                            "args_list": [
                                                                {
                                                                    "arg_type": 100000, 
                                                                    "args_list": [
                                                                        1500.0
                                                                    ], 
                                                                    "sub_type": 1
                                                                }
                                                            ], 
                                                            "sub_type": "CONST_CIRCULAR_SHAPE"
                                                        }
                                                    ], 
                                                    "op_arg": [
                                                        {
                                                            "arg_type": 100027, 
                                                            "args_list": [
                                                                {
                                                                    "arg_type": 100025, 
                                                                    "args_list": [
                                                                        {
                                                                            "arg_type": 100006, 
                                                                            "args_list": [], 
                                                                            "sub_type": "ABILITY_OWNER"
                                                                        }
                                                                    ], 
                                                                    "sub_type": "OWNER_PLAYER"
                                                                }
                                                            ], 
                                                            "sub_type": "PLAYER_ENEMY"
                                                        }, 
                                                        null, 
                                                        null, 
                                                        {
                                                            "arg_type": 100026, 
                                                            "args_list": [
                                                                [
                                                                    "UNIT_GROUP", 
                                                                    "\u53d7\u51fb\u8d85\u6807\u5355\u4f4d\u7ec4", 
                                                                    "actor"
                                                                ]
                                                            ], 
                                                            "sub_type": 14
                                                        }, 
                                                        null, 
                                                        null, 
                                                        null, 
                                                        null, 
                                                        null, 
                                                        null, 
                                                        null, 
                                                        {
                                                            "arg_type": 100001, 
                                                            "args_list": [
                                                                true
                                                            ], 
                                                            "sub_type": 1
                                                        }, 
                                                        null, 
                                                        null, 
                                                        null
                                                    ], 
                                                    "op_arg_enable": [
                                                        true, 
                                                        false, 
                                                        false, 
                                                        true, 
                                                        false, 
                                                        false, 
                                                        false, 
                                                        false, 
                                                        false, 
                                                        false, 
                                                        false, 
                                                        false, 
                                                        false, 
                                                        false, 
                                                        false
                                                    ], 
                                                    "sub_type": "UNIT_LIST_IN_SHAPE"
                                                }
                                            ], 
                                            "sub_type": "RANDOM_UNIT_IN_UNIT_GROUP"
                                        }
                                    ], 
                                    "bp": false, 
                                    "element_id": 2027696129000497, 
                                    "enable": true
                                }, 
                                {
                                    "action_type": "IF_THEN_ELSE", 
                                    "args_list": [
                                        {
                                            "arg_type": 100021, 
                                            "args_list": [
                                                {
                                                    "args_list": [
                                                        {
                                                            "arg_type": 100011, 
                                                            "args_list": [
                                                                {
                                                                    "__tuple__": true, 
                                                                    "items": [
                                                                        "TABLE", 
                                                                        "\u53d7\u51fb\u7edf\u8ba1\u8868", 
                                                                        "actor"
                                                                    ]
                                                                }
                                                            ], 
                                                            "sub_type": "VARIABLE"
                                                        }, 
                                                        {
                                                            "arg_type": 100003, 
                                                            "args_list": [
                                                                {
                                                                    "arg_type": 100006, 
                                                                    "args_list": [
                                                                        {
                                                                            "__tuple__": true, 
                                                                            "items": [
                                                                                "UNIT_ENTITY", 
                                                                                "\u76ee\u6807\u5355\u4f4d", 
                                                                                "actor"
                                                                            ]
                                                                        }
                                                                    ], 
                                                                    "sub_type": 11
                                                                }
                                                            ], 
                                                            "sub_type": "ANY_VAR_TO_STR"
                                                        }
                                                    ], 
                                                    "condition_type": "TABLE_HAS_KEY", 
                                                    "element_id": 2027696129000498, 
                                                    "enable": true
                                                }
                                            ], 
                                            "sub_type": 1
                                        }, 
                                        {
                                            "arg_type": 100022, 
                                            "args_list": [
                                                {
                                                    "action_type": "SET_VARIABLE", 
                                                    "args_list": [
                                                        {
                                                            "arg_type": 100030, 
                                                            "args_list": [
                                                                {
                                                                    "__tuple__": true, 
                                                                    "items": [
                                                                        "INTEGER", 
                                                                        "\u7d2f\u52a0\u503c", 
                                                                        "local"
                                                                    ]
                                                                }
                                                            ], 
                                                            "sub_type": 1
                                                        }, 
                                                        {
                                                            "arg_type": 100002, 
                                                            "args_list": [
                                                                {
                                                                    "arg_type": 100002, 
                                                                    "args_list": [
                                                                        {
                                                                            "arg_type": 100011, 
                                                                            "args_list": [
                                                                                {
                                                                                    "__tuple__": true, 
                                                                                    "items": [
                                                                                        "TABLE", 
                                                                                        "\u53d7\u51fb\u7edf\u8ba1\u8868", 
                                                                                        "actor"
                                                                                    ]
                                                                                }
                                                                            ], 
                                                                            "sub_type": "VARIABLE"
                                                                        }, 
                                                                        {
                                                                            "arg_type": 100003, 
                                                                            "args_list": [
                                                                                {
                                                                                    "arg_type": 100006, 
                                                                                    "args_list": [
                                                                                        {
                                                                                            "__tuple__": true, 
                                                                                            "items": [
                                                                                                "UNIT_ENTITY", 
                                                                                                "\u76ee\u6807\u5355\u4f4d", 
                                                                                                "actor"
                                                                                            ]
                                                                                        }
                                                                                    ], 
                                                                                    "sub_type": 11
                                                                                }
                                                                            ], 
                                                                            "sub_type": "ANY_VAR_TO_STR"
                                                                        }
                                                                    ], 
                                                                    "sub_type": "GET_INTEGER_TABLE_VAR_1D"
                                                                }
                                                            ], 
                                                            "sub_type": "INT_PLUS_ONE"
                                                        }
                                                    ], 
                                                    "bp": false, 
                                                    "element_id": 2027696129000499, 
                                                    "enable": true
                                                }, 
                                                {
                                                    "action_type": "IF_THEN_ELSE", 
                                                    "args_list": [
                                                        {
                                                            "arg_type": 100021, 
                                                            "args_list": [
                                                                {
                                                                    "args_list": [
                                                                        {
                                                                            "arg_type": 100002, 
                                                                            "args_list": [
                                                                                {
                                                                                    "__tuple__": true, 
                                                                                    "items": [
                                                                                        "INTEGER", 
                                                                                        "\u7d2f\u52a0\u503c", 
                                                                                        "local"
                                                                                    ]
                                                                                }
                                                                            ], 
                                                                            "sub_type": 6
                                                                        }, 
                                                                        {
                                                                            "arg_type": 100015, 
                                                                            "args_list": [
                                                                                ">="
                                                                            ], 
                                                                            "sub_type": 1
                                                                        }, 
                                                                        {
                                                                            "arg_type": 100002, 
                                                                            "args_list": [
                                                                                {
                                                                                    "arg_type": 100014, 
                                                                                    "args_list": [], 
                                                                                    "sub_type": "CUR_ABILITY"
                                                                                }, 
                                                                                {
                                                                                    "arg_type": 100003, 
                                                                                    "args_list": [
                                                                                        "\u5355\u4e2a\u76ee\u6807\u6700\u5927\u6570\u91cf"
                                                                                    ], 
                                                                                    "sub_type": 1
                                                                                }
                                                                            ], 
                                                                            "sub_type": "GET_INTEGER_KV"
                                                                        }
                                                                    ], 
                                                                    "condition_type": "FLOAT_COMPARE", 
                                                                    "element_id": 2027696129000500, 
                                                                    "enable": true
                                                                }
                                                            ], 
                                                            "sub_type": 1
                                                        }, 
                                                        {
                                                            "arg_type": 100022, 
                                                            "args_list": [
                                                                {
                                                                    "action_type": "GROUP_ADD_UNIT", 
                                                                    "args_list": [
                                                                        {
                                                                            "arg_type": 100006, 
                                                                            "args_list": [
                                                                                {
                                                                                    "__tuple__": true, 
                                                                                    "items": [
                                                                                        "UNIT_ENTITY", 
                                                                                        "\u76ee\u6807\u5355\u4f4d", 
                                                                                        "actor"
                                                                                    ]
                                                                                }
                                                                            ], 
                                                                            "sub_type": 11
                                                                        }, 
                                                                        {
                                                                            "arg_type": 100026, 
                                                                            "args_list": [
                                                                                [
                                                                                    "UNIT_GROUP", 
                                                                                    "\u53d7\u51fb\u8d85\u6807\u5355\u4f4d\u7ec4", 
                                                                                    "actor"
                                                                                ]
                                                                            ], 
                                                                            "sub_type": 14
                                                                        }
                                                                    ], 
                                                                    "bp": false, 
                                                                    "element_id": 2027696129000501, 
                                                                    "enable": true
                                                                }
                                                            ], 
                                                            "sub_type": 1
                                                        }, 
                                                        {
                                                            "arg_type": 100022, 
                                                            "args_list": [
                                                                {
                                                                    "action_type": "SET_TABLE_VALUE_1D", 
                                                                    "args_list": [
                                                                        {
                                                                            "arg_type": 100011, 
                                                                            "args_list": [
                                                                                {
                                                                                    "__tuple__": true, 
                                                                                    "items": [
                                                                                        "TABLE", 
                                                                                        "\u53d7\u51fb\u7edf\u8ba1\u8868", 
                                                                                        "actor"
                                                                                    ]
                                                                                }
                                                                            ], 
                                                                            "sub_type": "VARIABLE"
                                                                        }, 
                                                                        {
                                                                            "arg_type": 100003, 
                                                                            "args_list": [
                                                                                {
                                                                                    "arg_type": 100006, 
                                                                                    "args_list": [
                                                                                        {
                                                                                            "__tuple__": true, 
                                                                                            "items": [
                                                                                                "UNIT_ENTITY", 
                                                                                                "\u76ee\u6807\u5355\u4f4d", 
                                                                                                "actor"
                                                                                            ]
                                                                                        }
                                                                                    ], 
                                                                                    "sub_type": 11
                                                                                }
                                                                            ], 
                                                                            "sub_type": "ANY_VAR_TO_STR"
                                                                        }, 
                                                                        {
                                                                            "arg_type": 100002, 
                                                                            "args_list": [
                                                                                {
                                                                                    "__tuple__": true, 
                                                                                    "items": [
                                                                                        "INTEGER", 
                                                                                        "\u7d2f\u52a0\u503c", 
                                                                                        "local"
                                                                                    ]
                                                                                }
                                                                            ], 
                                                                            "sub_type": 6
                                                                        }
                                                                    ], 
                                                                    "bp": false, 
                                                                    "element_id": 2027696129000502, 
                                                                    "enable": true
                                                                }
                                                            ], 
                                                            "sub_type": 1
                                                        }
                                                    ], 
                                                    "bp": false, 
                                                    "element_id": 2027696129000503, 
                                                    "enable": true, 
                                                    "fake_op": [
                                                        2
                                                    ]
                                                }
                                            ], 
                                            "sub_type": 1
                                        }, 
                                        {
                                            "arg_type": 100022, 
                                            "args_list": [
                                                {
                                                    "action_type": "SET_TABLE_VALUE_1D", 
                                                    "args_list": [
                                                        {
                                                            "arg_type": 100011, 
                                                            "args_list": [
                                                                {
                                                                    "__tuple__": true, 
                                                                    "items": [
                                                                        "TABLE", 
                                                                        "\u53d7\u51fb\u7edf\u8ba1\u8868", 
                                                                        "actor"
                                                                    ]
                                                                }
                                                            ], 
                                                            "sub_type": "VARIABLE"
                                                        }, 
                                                        {
                                                            "arg_type": 100003, 
                                                            "args_list": [
                                                                {
                                                                    "arg_type": 100006, 
                                                                    "args_list": [
                                                                        {
                                                                            "__tuple__": true, 
                                                                            "items": [
                                                                                "UNIT_ENTITY", 
                                                                                "\u76ee\u6807\u5355\u4f4d", 
                                                                                "actor"
                                                                            ]
                                                                        }
                                                                    ], 
                                                                    "sub_type": 11
                                                                }
                                                            ], 
                                                            "sub_type": "ANY_VAR_TO_STR"
                                                        }, 
                                                        {
                                                            "arg_type": 100002, 
                                                            "args_list": [
                                                                1
                                                            ], 
                                                            "sub_type": 1
                                                        }
                                                    ], 
                                                    "bp": false, 
                                                    "element_id": 2027696129000504, 
                                                    "enable": true
                                                }
                                            ], 
                                            "sub_type": 1
                                        }
                                    ], 
                                    "bp": false, 
                                    "element_id": 2027696129000505, 
                                    "enable": true, 
                                    "fake_op": [
                                        2
                                    ]
                                }, 
                                {
                                    "action_type": "IF_THEN_ELSE", 
                                    "args_list": [
                                        {
                                            "arg_type": 100021, 
                                            "args_list": [
                                                {
                                                    "args_list": [
                                                        {
                                                            "arg_type": 100006, 
                                                            "args_list": [
                                                                {
                                                                    "__tuple__": true, 
                                                                    "items": [
                                                                        "UNIT_ENTITY", 
                                                                        "\u76ee\u6807\u5355\u4f4d", 
                                                                        "actor"
                                                                    ]
                                                                }
                                                            ], 
                                                            "sub_type": 11
                                                        }
                                                    ], 
                                                    "condition_type": "TYPE_IS_EXIST", 
                                                    "element_id": 2027696129000506, 
                                                    "enable": true
                                                }
                                            ], 
                                            "sub_type": 1
                                        }, 
                                        {
                                            "arg_type": 100022, 
                                            "args_list": [
                                                {
                                                    "action_type": "APPLY_DAMAGE", 
                                                    "args_list": [
                                                        {
                                                            "arg_type": 100006, 
                                                            "args_list": [], 
                                                            "sub_type": "ABILITY_OWNER"
                                                        }, 
                                                        {
                                                            "arg_type": 100014, 
                                                            "args_list": [], 
                                                            "sub_type": "CUR_ABILITY"
                                                        }, 
                                                        {
                                                            "arg_type": 100006, 
                                                            "args_list": [
                                                                {
                                                                    "__tuple__": true, 
                                                                    "items": [
                                                                        "UNIT_ENTITY", 
                                                                        "\u76ee\u6807\u5355\u4f4d", 
                                                                        "actor"
                                                                    ]
                                                                }
                                                            ], 
                                                            "sub_type": 11
                                                        }, 
                                                        {
                                                            "arg_type": 100064, 
                                                            "args_list": [
                                                                1
                                                            ], 
                                                            "sub_type": 1
                                                        }, 
                                                        {
                                                            "arg_type": 100000, 
                                                            "args_list": [
                                                                {
                                                                    "arg_type": 100116, 
                                                                    "args_list": [
                                                                        {
                                                                            "arg_type": 100006, 
                                                                            "args_list": [], 
                                                                            "sub_type": "ABILITY_OWNER"
                                                                        }
                                                                    ], 
                                                                    "sub_type": "GET_UNIT_KEY_OF_UNIT"
                                                                }, 
                                                                {
                                                                    "arg_type": 100043, 
                                                                    "args_list": [
                                                                        "attack_mag"
                                                                    ], 
                                                                    "sub_type": 1
                                                                }
                                                            ], 
                                                            "sub_type": "GET_UNIT_KEY_ATTR"
                                                        }, 
                                                        {
                                                            "arg_type": 100001, 
                                                            "args_list": [
                                                                true
                                                            ], 
                                                            "sub_type": 1
                                                        }
                                                    ], 
                                                    "bp": false, 
                                                    "element_id": 2027696129000507, 
                                                    "enable": true, 
                                                    "op_arg": [
                                                        {
                                                            "arg_type": 100001, 
                                                            "args_list": [
                                                                true
                                                            ], 
                                                            "sub_type": 1
                                                        }, 
                                                        {
                                                            "arg_type": 100001, 
                                                            "args_list": [
                                                                true
                                                            ], 
                                                            "sub_type": 1
                                                        }, 
                                                        {
                                                            "arg_type": 100001, 
                                                            "args_list": [
                                                                true
                                                            ], 
                                                            "sub_type": 1
                                                        }, 
                                                        null, 
                                                        {
                                                            "arg_type": 100003, 
                                                            "args_list": [
                                                                {
                                                                    "arg_type": 100014, 
                                                                    "args_list": [], 
                                                                    "sub_type": "CUR_ABILITY"
                                                                }, 
                                                                {
                                                                    "arg_type": 100003, 
                                                                    "args_list": [
                                                                        "\u53d7\u51fb\u7279\u6548\u6302\u63a5\u70b9"
                                                                    ], 
                                                                    "sub_type": 1
                                                                }
                                                            ], 
                                                            "sub_type": "GET_STRING_KV"
                                                        }, 
                                                        null, 
                                                        null, 
                                                        null, 
                                                        null
                                                    ], 
                                                    "op_arg_enable": [
                                                        false, 
                                                        false, 
                                                        false, 
                                                        false, 
                                                        false, 
                                                        false, 
                                                        false, 
                                                        false, 
                                                        false
                                                    ]
                                                }, 
                                                {
                                                    "action_type": "CREATE_SFX_ON_UNIT_NEW", 
                                                    "args_list": [
                                                        {
                                                            "arg_type": 100066, 
                                                            "args_list": [
                                                                {
                                                                    "arg_type": 100014, 
                                                                    "args_list": [], 
                                                                    "sub_type": "CUR_ABILITY"
                                                                }, 
                                                                {
                                                                    "arg_type": 100003, 
                                                                    "args_list": [
                                                                        "\u53d7\u51fb\u7279\u6548\u7c7b\u578b"
                                                                    ], 
                                                                    "sub_type": 1
                                                                }
                                                            ], 
                                                            "sub_type": "GET_SFX_KEY_KV"
                                                        }, 
                                                        {
                                                            "arg_type": 100006, 
                                                            "args_list": [
                                                                {
                                                                    "__tuple__": true, 
                                                                    "items": [
                                                                        "UNIT_ENTITY", 
                                                                        "\u76ee\u6807\u5355\u4f4d", 
                                                                        "actor"
                                                                    ]
                                                                }
                                                            ], 
                                                            "sub_type": 11
                                                        }, 
                                                        {
                                                            "arg_type": 100003, 
                                                            "args_list": [
                                                                {
                                                                    "arg_type": 100014, 
                                                                    "args_list": [], 
                                                                    "sub_type": "CUR_ABILITY"
                                                                }, 
                                                                {
                                                                    "arg_type": 100003, 
                                                                    "args_list": [
                                                                        "\u53d7\u51fb\u7279\u6548\u6302\u63a5\u70b9"
                                                                    ], 
                                                                    "sub_type": 1
                                                                }
                                                            ], 
                                                            "sub_type": "GET_STRING_KV"
                                                        }, 
                                                        {
                                                            "arg_type": 500220, 
                                                            "args_list": [
                                                                2
                                                            ], 
                                                            "sub_type": 1
                                                        }, 
                                                        {
                                                            "arg_type": 100001, 
                                                            "args_list": [
                                                                false
                                                            ], 
                                                            "sub_type": 1
                                                        }
                                                    ], 
                                                    "bp": false, 
                                                    "element_id": 2027696129000508, 
                                                    "enable": true, 
                                                    "op_arg": [
                                                        {
                                                            "arg_type": 100000, 
                                                            "args_list": [
                                                                {
                                                                    "arg_type": 100014, 
                                                                    "args_list": [], 
                                                                    "sub_type": "CUR_ABILITY"
                                                                }, 
                                                                {
                                                                    "arg_type": 100003, 
                                                                    "args_list": [
                                                                        "\u53d7\u51fb\u7279\u6548\u7f29\u653e"
                                                                    ], 
                                                                    "sub_type": 1
                                                                }
                                                            ], 
                                                            "sub_type": "GET_FLOAT_KV"
                                                        }, 
                                                        null, 
                                                        null, 
                                                        {
                                                            "arg_type": 100001, 
                                                            "args_list": [
                                                                true
                                                            ], 
                                                            "sub_type": 1
                                                        }, 
                                                        {
                                                            "arg_type": 100001, 
                                                            "args_list": [
                                                                true
                                                            ], 
                                                            "sub_type": 1
                                                        }
                                                    ], 
                                                    "op_arg_enable": [
                                                        true, 
                                                        false, 
                                                        false, 
                                                        false, 
                                                        false
                                                    ]
                                                }, 
                                                {
                                                    "action_type": "CREATE_SFX_ON_POINT", 
                                                    "args_list": [
                                                        {
                                                            "arg_type": 100066, 
                                                            "args_list": [
                                                                {
                                                                    "arg_type": 100014, 
                                                                    "args_list": [], 
                                                                    "sub_type": "CUR_ABILITY"
                                                                }, 
                                                                {
                                                                    "arg_type": 100003, 
                                                                    "args_list": [
                                                                        "\u653b\u51fb\u7279\u6548"
                                                                    ], 
                                                                    "sub_type": 1
                                                                }
                                                            ], 
                                                            "sub_type": "GET_SFX_KEY_KV"
                                                        }, 
                                                        {
                                                            "arg_type": 100004, 
                                                            "args_list": [
                                                                {
                                                                    "arg_type": 100006, 
                                                                    "args_list": [
                                                                        {
                                                                            "__tuple__": true, 
                                                                            "items": [
                                                                                "UNIT_ENTITY", 
                                                                                "\u76ee\u6807\u5355\u4f4d", 
                                                                                "actor"
                                                                            ]
                                                                        }
                                                                    ], 
                                                                    "sub_type": 11
                                                                }
                                                            ], 
                                                            "sub_type": "UNIT_ENTITY_POINT"
                                                        }
                                                    ], 
                                                    "bp": false, 
                                                    "element_id": 2027696129000509, 
                                                    "enable": true, 
                                                    "op_arg": [
                                                        null, 
                                                        null, 
                                                        null, 
                                                        {
                                                            "arg_type": 100000, 
                                                            "args_list": [
                                                                1.0
                                                            ], 
                                                            "sub_type": 1
                                                        }, 
                                                        {
                                                            "arg_type": 100001, 
                                                            "args_list": [
                                                                true
                                                            ], 
                                                            "sub_type": 1
                                                        }
                                                    ], 
                                                    "op_arg_enable": [
                                                        false, 
                                                        false, 
                                                        false, 
                                                        true, 
                                                        false
                                                    ]
                                                }
                                            ], 
                                            "sub_type": 1
                                        }, 
                                        {
                                            "arg_type": 100022, 
                                            "args_list": [], 
                                            "sub_type": 1
                                        }
                                    ], 
                                    "bp": false, 
                                    "element_id": 2027696129000510, 
                                    "enable": true, 
                                    "fake_op": [
                                        2
                                    ]
                                }
                            ], 
                            "sub_type": 1
                        }
                    ], 
                    "bp": false, 
                    "element_id": 2027696129000139, 
                    "enable": true, 
                    "local_var": {
                        "__tuple__": true, 
                        "items": [
                            {}, 
                            {}
                        ]
                    }
                }
            ], 
            "call_enabled": true, 
            "condition": [], 
            "enabled": true, 
            "event": [
                {
                    "args_list": [], 
                    "element_id": 2027696129000016, 
                    "enable": true, 
                    "event_type": "ABILITY_SP_END"
                }
            ], 
            "group_id": 10101068, 
            "p_trigger_id": null, 
            "trigger_id": 2027696129, 
            "trigger_name": "\u65bd\u6cd5\u5f15\u5bfc", 
            "valid": true, 
            "var_data": [
                {
                    "FLOAT": {
                        "\u65f6\u95f4\u95f4\u9694": 0.0
                    }, 
                    "INTEGER": {
                        "\u5f53\u524d\u653b\u51fb\u52a8\u753b\u5e8f\u53f7": 0, 
                        "\u7d2f\u52a0\u503c": 0
                    }, 
                    "STRING": {
                        "\u5f53\u524d\u653b\u51fb\u52a8\u753b": ""
                    }
                }, 
                {
                    "\u5f53\u524d\u653b\u51fb\u52a8\u753b": 0, 
                    "\u5f53\u524d\u653b\u51fb\u52a8\u753b\u5e8f\u53f7": 0, 
                    "\u65f6\u95f4\u95f4\u9694": 0, 
                    "\u7d2f\u52a0\u503c": 0
                }, 
                [
                    "\u5f53\u524d\u653b\u51fb\u52a8\u753b\u5e8f\u53f7", 
                    "\u5f53\u524d\u653b\u51fb\u52a8\u753b", 
                    "\u65f6\u95f4\u95f4\u9694", 
                    "\u7d2f\u52a0\u503c"
                ]
            ]
        }
    }, 
    "trigger_group_info": [
        {
            "_trigger_group_": true, 
            "group": [
                {
                    "__tuple__": true, 
                    "items": [
                        2026467331, 
                        "\u65b0\u5efa\u89e6\u53d1\u5668"
                    ]
                }, 
                {
                    "__tuple__": true, 
                    "items": [
                        2027696129, 
                        "\u65bd\u6cd5\u5f15\u5bfc"
                    ]
                }, 
                {
                    "__tuple__": true, 
                    "items": [
                        1311211524, 
                        "\u65b0\u5efa\u89e6\u53d1\u5668_2"
                    ]
                }
            ], 
            "key": 10101068, 
            "name": "10101068"
        }
    ], 
    "trigger_version": "1.2", 
    "variable_dict": {
        "INTEGER": {
            "\u7d22\u5f15": 1
        }, 
        "NEW_TIMER": {
            "\u65bd\u6cd5\u8ba1\u65f6": -1
        }, 
        "TABLE": {
            "\u53d7\u51fb\u7edf\u8ba1\u8868": null
        }, 
        "UNIT_ENTITY": {
            "\u76ee\u6807\u5355\u4f4d": 0
        }, 
        "UNIT_GROUP": {
            "\u53d7\u51fb\u8d85\u6807\u5355\u4f4d\u7ec4": []
        }
    }, 
    "variable_group_info": [
        {
            "__tuple__": true, 
            "items": [
                "\u76ee\u6807\u5355\u4f4d", 
                "\u76ee\u6807\u5355\u4f4d"
            ]
        }, 
        {
            "__tuple__": true, 
            "items": [
                "\u7d22\u5f15", 
                "\u7d22\u5f15"
            ]
        }, 
        {
            "__tuple__": true, 
            "items": [
                "\u53d7\u51fb\u8d85\u6807\u5355\u4f4d\u7ec4", 
                "\u53d7\u51fb\u8d85\u6807\u5355\u4f4d\u7ec4"
            ]
        }, 
        {
            "__tuple__": true, 
            "items": [
                "\u53d7\u51fb\u7edf\u8ba1\u8868", 
                "\u53d7\u51fb\u7edf\u8ba1\u8868"
            ]
        }, 
        {
            "__tuple__": true, 
            "items": [
                "\u65bd\u6cd5\u8ba1\u65f6", 
                "\u65bd\u6cd5\u8ba1\u65f6"
            ]
        }
    ], 
    "variable_length_dict": {
        "\u53d7\u51fb\u7edf\u8ba1\u8868": 0, 
        "\u53d7\u51fb\u8d85\u6807\u5355\u4f4d\u7ec4": 0, 
        "\u65bd\u6cd5\u8ba1\u65f6": 0, 
        "\u76ee\u6807\u5355\u4f4d": 0, 
        "\u7d22\u5f15": 0
    }
}