{
    "ps": 1,
    "c": [],
    "p": [
        [
            "strength",
            {
                "k": "strength",
                "d": "\u529b\u91cf",
                "m": []
            }
        ],
        [
            "agility",
            {
                "k": "agility",
                "d": "\u654f\u6377",
                "m": []
            }
        ],
        [
            "intelligence",
            {
                "k": "intelligence",
                "d": "\u667a\u529b",
                "m": []
            }
        ],
        [
            "main",
            {
                "k": "main",
                "d": "\u4e3b\u5c5e\u6027",
                "m": []
            }
        ]
    ],
    "b": [
        [
            "hp_rec",
            {
                "desc": "\u751f\u547d\u6062\u590d",
                "default": 1.0,
                "minimun": -70000000000000,
                "maximun": 70000000000000
            }
        ]
    ]
}