{
    "203532": {
        "describe": 1851261367, 
        "editor_res": false, 
        "key": 203532, 
        "map_name": "x1t3", 
        "model_id": 504480, 
        "name": 1984755484, 
        "offical_tags": {
            "__tuple__": true, 
            "items": [
                "code_Realistic", 
                "code_Mob", 
                "code_Chinese style", 
                "code_Male", 
                "code_Adult", 
                "code_Strong", 
                "code_Warrior", 
                "code_Blade", 
                "code_Blue", 
                "P3(\u4e09\u56fd\u7cfb\u5217)"
            ]
        }, 
        "pickbound": {
            "__tuple__": true, 
            "items": [
                0.55, 
                1.6
            ]
        }, 
        "preview_icon": "UP1ModelPreview/203532", 
        "release_delete": {
            "__tuple__": true, 
            "items": []
        }, 
        "res_group": 230, 
        "res_identify": "all", 
        "res_type": "code_Role,code_Arms", 
        "select_effect_scale": 1.0, 
        "size": 1.0, 
        "socket_info": {}, 
        "source": "code_Source_Import", 
        "uid": "editor_model_203532"
    }
}