{
    "206862": {
        "describe": 1042499774, 
        "editor_res": false, 
        "key": 206862, 
        "map_name": "\u6d77\u5916\u4e00\u7c7b", 
        "model_id": 900135, 
        "name": 1497294099, 
        "offical_tags": {
            "__tuple__": true, 
            "items": [
                "\u5199\u5b9e", 
                "\u602a\u7269", 
                "\u9b54\u5e7b", 
                "\u55bd\u5570", 
                "\u517d\u65cf", 
                "\u5c0f\u5175", 
                "\u53f2\u83b1\u59c6", 
                "\u7d2b\u8272", 
                "P8(\u897f\u65b9\u9b54\u5e7b\u7cfb\u5217)"
            ]
        }, 
        "preview_icon": "UP1ModelPreview/206862", 
        "release_delete": {
            "__tuple__": true, 
            "items": []
        }, 
        "res_group": 72, 
        "res_identify": "all", 
        "res_type": "code_Role,code_Monster", 
        "select_effect_scale": 1.0, 
        "size": 1.0, 
        "socket_info": {
            "attack1": {
                "__tuple__": true, 
                "items": [
                    "attack1", 
                    "Bip001_L_Hand", 
                    0.0, 
                    0.0, 
                    0.0, 
                    -0.0, 
                    0.0, 
                    0.0
                ]
            }, 
            "attack2": {
                "__tuple__": true, 
                "items": [
                    "attack2", 
                    "Bip001_R_Hand", 
                    0.0, 
                    0.0, 
                    0.0, 
                    -0.0, 
                    0.0, 
                    0.0
                ]
            }, 
            "blood": {
                "__tuple__": true, 
                "items": [
                    "blood", 
                    "Bip001_Spine", 
                    0.0, 
                    0.0, 
                    1.3116976022720337, 
                    -0.0, 
                    0.0, 
                    0.0
                ]
            }, 
            "buff": {
                "__tuple__": true, 
                "items": [
                    "buff", 
                    "Bip001_Head", 
                    0.0, 
                    0.0, 
                    0.0, 
                    -0.0, 
                    0.0, 
                    0.0
                ]
            }, 
            "centroid": {
                "__tuple__": true, 
                "items": [
                    "centroid", 
                    "Biped_Root", 
                    0.0, 
                    0.0, 
                    0.0, 
                    -0.0, 
                    0.0, 
                    0.0
                ]
            }, 
            "hand1": {
                "__tuple__": true, 
                "items": [
                    "hand1", 
                    "Bip001_L_Hand", 
                    0.0, 
                    0.0, 
                    0.0, 
                    -0.0, 
                    0.0, 
                    0.0
                ]
            }, 
            "hand2": {
                "__tuple__": true, 
                "items": [
                    "hand2", 
                    "Bip001_R_Hand", 
                    0.0, 
                    0.0, 
                    0.0, 
                    -0.0, 
                    0.0, 
                    0.0
                ]
            }, 
            "head": {
                "__tuple__": true, 
                "items": [
                    "head", 
                    "Bip001_Head", 
                    0.0, 
                    0.0, 
                    0.0, 
                    -0.0, 
                    0.0, 
                    0.0
                ]
            }, 
            "hit_point": {
                "__tuple__": true, 
                "items": [
                    "hit_point", 
                    "Bip001_Spine", 
                    0.0, 
                    0.0, 
                    0.0, 
                    -0.0, 
                    0.0, 
                    0.0
                ]
            }, 
            "origin": {
                "__tuple__": true, 
                "items": [
                    "origin", 
                    "Biped_Root", 
                    0.0, 
                    0.0, 
                    0.0, 
                    -0.0, 
                    0.0, 
                    0.0
                ]
            }, 
            "root": {
                "__tuple__": true, 
                "items": [
                    "root", 
                    "Biped_Root", 
                    0.0, 
                    0.0, 
                    0.0, 
                    -0.0, 
                    0.0, 
                    0.0
                ]
            }, 
            "sound": {
                "__tuple__": true, 
                "items": [
                    "sound", 
                    "Bip001_Head", 
                    0.0, 
                    0.0, 
                    0.0, 
                    -0.0, 
                    0.0, 
                    0.0
                ]
            }, 
            "top": {
                "__tuple__": true, 
                "items": [
                    "top", 
                    "Biped_Root", 
                    0.0, 
                    0.0, 
                    0.0, 
                    -0.0, 
                    0.0, 
                    0.0
                ]
            }, 
            "ui_hp": {
                "__tuple__": true, 
                "items": [
                    "ui_hp", 
                    "Biped_Root", 
                    0.0, 
                    1.209163, 
                    0.0, 
                    -0.0, 
                    0.0, 
                    0.0
                ]
            }, 
            "weaponL": {
                "__tuple__": true, 
                "items": [
                    "weaponL", 
                    "b_Lweapon", 
                    0.0, 
                    0.0, 
                    0.0, 
                    -0.0, 
                    0.0, 
                    0.0
                ]
            }, 
            "weaponR": {
                "__tuple__": true, 
                "items": [
                    "weaponR", 
                    "b_Rweapon", 
                    0.0, 
                    0.0, 
                    0.0, 
                    -0.0, 
                    0.0, 
                    0.0
                ]
            }
        }, 
        "source": "code_Source_Import", 
        "uid": "editor_model_206862"
    }
}