{
    "local_variable": {
        "398446596": {
            "variable_dict": {}, 
            "variable_length_dict": {}
        }, 
        "916566019": {
            "variable_dict": {
                "POINT": {
                    "\u4f24\u5bb3\u70b9": {
                        "__tuple__": true, 
                        "items": [
                            0, 
                            0, 
                            0
                        ]
                    }
                }, 
                "POLYGON": {}, 
                "ROUND_AREA": {
                    "\u653b\u51fb\u8303\u56f4\u533a\u57df": 0
                }
            }, 
            "variable_length_dict": {
                "\u4f24\u5bb3\u70b9": 0, 
                "\u653b\u51fb\u8303\u56f4\u533a\u57df": 0
            }
        }, 
        "2027696129": {
            "variable_dict": {
                "INTEGER": {
                    "\u5f53\u524d\u653b\u51fb\u52a8\u753b\u5e8f\u53f7": 0
                }, 
                "STRING": {
                    "\u5f53\u524d\u653b\u51fb\u52a8\u753b": ""
                }
            }, 
            "variable_length_dict": {
                "\u5f53\u524d\u653b\u51fb\u52a8\u753b": 0, 
                "\u5f53\u524d\u653b\u51fb\u52a8\u753b\u5e8f\u53f7": 0
            }
        }
    }, 
    "trigger_dict": {
        "398446596": {
            "action": [
                {
                    "action_type": "DELETE_TIMER", 
                    "args_list": [
                        {
                            "arg_type": 100181, 
                            "args_list": [
                                {
                                    "__tuple__": true, 
                                    "items": [
                                        "NEW_TIMER", 
                                        "\u4f24\u5bb3\u8ba1\u65f6\u5668", 
                                        "actor"
                                    ]
                                }
                            ], 
                            "sub_type": "VARIABLE"
                        }
                    ], 
                    "bp": false, 
                    "element_id": 398446596000006, 
                    "enable": true
                }
            ], 
            "call_enabled": true, 
            "condition": [], 
            "enabled": true, 
            "event": [
                {
                    "args_list": [], 
                    "element_id": 398446596000002, 
                    "enable": true, 
                    "event_type": "ABILITY_CST_END"
                }
            ], 
            "group_id": 10101045, 
            "p_trigger_id": null, 
            "trigger_id": 398446596, 
            "trigger_name": "\u65b0\u5efa\u89e6\u53d1\u5668_2", 
            "valid": true, 
            "var_data": [
                {}, 
                {}, 
                []
            ]
        }, 
        "916566019": {
            "action": [
                {
                    "action_type": "SET_VARIABLE", 
                    "args_list": [
                        {
                            "arg_type": 100030, 
                            "args_list": [
                                {
                                    "__tuple__": true, 
                                    "items": [
                                        "POINT", 
                                        "\u4f24\u5bb3\u70b9", 
                                        "local"
                                    ]
                                }
                            ], 
                            "sub_type": 1
                        }, 
                        {
                            "arg_type": 100004, 
                            "args_list": [
                                {
                                    "arg_type": 100004, 
                                    "args_list": [
                                        {
                                            "arg_type": 100006, 
                                            "args_list": [], 
                                            "sub_type": "ABILITY_OWNER"
                                        }
                                    ], 
                                    "sub_type": "UNIT_ENTITY_POINT"
                                }, 
                                {
                                    "arg_type": 100225, 
                                    "args_list": [
                                        {
                                            "arg_type": 100006, 
                                            "args_list": [], 
                                            "sub_type": "ABILITY_OWNER"
                                        }
                                    ], 
                                    "sub_type": "UNIT_FACE_ANGLE"
                                }, 
                                {
                                    "arg_type": 100000, 
                                    "args_list": [
                                        150.0
                                    ], 
                                    "sub_type": 1
                                }
                            ], 
                            "sub_type": "POINT_OFFSET_VECTOR_POINT"
                        }
                    ], 
                    "bp": false, 
                    "element_id": 916566019000245, 
                    "enable": true
                }, 
                {
                    "action_type": "CREATE_SFX_ON_POINT", 
                    "args_list": [
                        {
                            "arg_type": 100066, 
                            "args_list": [
                                {
                                    "arg_type": 100014, 
                                    "args_list": [], 
                                    "sub_type": "CUR_ABILITY"
                                }, 
                                {
                                    "arg_type": 100003, 
                                    "args_list": [
                                        "\u653b\u51fb\u7279\u6548\u7c7b\u578b"
                                    ], 
                                    "sub_type": 1
                                }
                            ], 
                            "sub_type": "GET_SFX_KEY_KV"
                        }, 
                        {
                            "arg_type": 100004, 
                            "args_list": [
                                {
                                    "__tuple__": true, 
                                    "items": [
                                        "POINT", 
                                        "\u4f24\u5bb3\u70b9", 
                                        "local"
                                    ]
                                }
                            ], 
                            "sub_type": 19
                        }
                    ], 
                    "bp": false, 
                    "element_id": 916566019000205, 
                    "enable": true, 
                    "op_arg": [
                        {
                            "arg_type": 100225, 
                            "args_list": [
                                {
                                    "arg_type": 100006, 
                                    "args_list": [], 
                                    "sub_type": "ABILITY_OWNER"
                                }
                            ], 
                            "sub_type": "UNIT_FACE_ANGLE"
                        }, 
                        {
                            "arg_type": 100000, 
                            "args_list": [
                                {
                                    "arg_type": 100014, 
                                    "args_list": [], 
                                    "sub_type": "CUR_ABILITY"
                                }, 
                                {
                                    "arg_type": 100003, 
                                    "args_list": [
                                        "\u653b\u51fb\u7279\u6548\u7f29\u653e"
                                    ], 
                                    "sub_type": 1
                                }
                            ], 
                            "sub_type": "GET_FLOAT_KV"
                        }, 
                        null, 
                        {
                            "arg_type": 100000, 
                            "args_list": [
                                {
                                    "arg_type": 100014, 
                                    "args_list": [], 
                                    "sub_type": "DAMAGE_ABILITY"
                                }, 
                                {
                                    "arg_type": 100078, 
                                    "args_list": [
                                        "ability_channel_time"
                                    ], 
                                    "sub_type": 1
                                }
                            ], 
                            "sub_type": "GET_ABILITY_FLOAT_ATTR"
                        }, 
                        {
                            "arg_type": 100001, 
                            "args_list": [
                                true
                            ], 
                            "sub_type": 1
                        }
                    ], 
                    "op_arg_enable": [
                        true, 
                        true, 
                        false, 
                        true, 
                        false
                    ]
                }, 
                {
                    "action_type": "SET_VARIABLE", 
                    "args_list": [
                        {
                            "arg_type": 100030, 
                            "args_list": [
                                {
                                    "__tuple__": true, 
                                    "items": [
                                        "UNIT_GROUP", 
                                        "\u5355\u6b21\u4f24\u5bb3\u5355\u4f4d\u7ec4", 
                                        "actor"
                                    ]
                                }
                            ], 
                            "sub_type": 1
                        }, 
                        {
                            "arg_type": 100026, 
                            "args_list": [], 
                            "sub_type": "NONE_UNIT_GROUP"
                        }
                    ], 
                    "bp": false, 
                    "element_id": 916566019000068, 
                    "enable": true
                }, 
                {
                    "action_type": "RUN_LOOP_TIMER_BY_FRAME", 
                    "args_list": [
                        {
                            "arg_type": 100181, 
                            "args_list": [
                                {
                                    "__tuple__": true, 
                                    "items": [
                                        "NEW_TIMER", 
                                        "\u4f24\u5bb3\u8ba1\u65f6\u5668", 
                                        "actor"
                                    ]
                                }
                            ], 
                            "sub_type": "VARIABLE"
                        }, 
                        {
                            "arg_type": 100002, 
                            "args_list": [
                                1
                            ], 
                            "sub_type": 1
                        }, 
                        {
                            "arg_type": 100001, 
                            "args_list": [
                                true
                            ], 
                            "sub_type": 1
                        }, 
                        {
                            "arg_type": 100022, 
                            "args_list": [
                                {
                                    "action_type": "PICK_UNIT_DO_ACTION", 
                                    "args_list": [
                                        {
                                            "arg_type": 100026, 
                                            "args_list": [
                                                {
                                                    "arg_type": 100004, 
                                                    "args_list": [
                                                        {
                                                            "__tuple__": true, 
                                                            "items": [
                                                                "POINT", 
                                                                "\u4f24\u5bb3\u70b9", 
                                                                "local"
                                                            ]
                                                        }
                                                    ], 
                                                    "sub_type": 19
                                                }, 
                                                {
                                                    "arg_type": 100059, 
                                                    "args_list": [
                                                        {
                                                            "arg_type": 100000, 
                                                            "args_list": [
                                                                500.0
                                                            ], 
                                                            "sub_type": 1
                                                        }, 
                                                        {
                                                            "arg_type": 100000, 
                                                            "args_list": [
                                                                120.0
                                                            ], 
                                                            "sub_type": 1
                                                        }, 
                                                        {
                                                            "arg_type": 100225, 
                                                            "args_list": [
                                                                {
                                                                    "arg_type": 100006, 
                                                                    "args_list": [], 
                                                                    "sub_type": "ABILITY_OWNER"
                                                                }
                                                            ], 
                                                            "sub_type": "UNIT_FACE_ANGLE"
                                                        }
                                                    ], 
                                                    "sub_type": "CONST_SECTOR_SHAPE_NEW"
                                                }
                                            ], 
                                            "op_arg": [
                                                {
                                                    "arg_type": 100027, 
                                                    "args_list": [
                                                        {
                                                            "arg_type": 100025, 
                                                            "args_list": [
                                                                {
                                                                    "arg_type": 100006, 
                                                                    "args_list": [], 
                                                                    "sub_type": "ABILITY_OWNER"
                                                                }
                                                            ], 
                                                            "sub_type": "OWNER_PLAYER"
                                                        }
                                                    ], 
                                                    "sub_type": "PLAYER_ENEMY"
                                                }, 
                                                null, 
                                                null, 
                                                {
                                                    "arg_type": 100026, 
                                                    "args_list": [
                                                        {
                                                            "__tuple__": true, 
                                                            "items": [
                                                                "UNIT_GROUP", 
                                                                "\u5355\u6b21\u4f24\u5bb3\u5355\u4f4d\u7ec4", 
                                                                "actor"
                                                            ]
                                                        }
                                                    ], 
                                                    "sub_type": 14
                                                }, 
                                                null, 
                                                null, 
                                                null, 
                                                null, 
                                                null, 
                                                null, 
                                                null, 
                                                {
                                                    "arg_type": 100001, 
                                                    "args_list": [
                                                        true
                                                    ], 
                                                    "sub_type": 1
                                                }, 
                                                null, 
                                                null, 
                                                null
                                            ], 
                                            "op_arg_enable": [
                                                true, 
                                                false, 
                                                false, 
                                                true, 
                                                false, 
                                                false, 
                                                false, 
                                                false, 
                                                false, 
                                                false, 
                                                false, 
                                                false, 
                                                false, 
                                                false, 
                                                false
                                            ], 
                                            "sub_type": "UNIT_LIST_IN_SHAPE"
                                        }, 
                                        {
                                            "arg_type": 100022, 
                                            "args_list": [
                                                {
                                                    "action_type": "APPLY_DAMAGE", 
                                                    "args_list": [
                                                        {
                                                            "arg_type": 100006, 
                                                            "args_list": [], 
                                                            "sub_type": "ABILITY_OWNER"
                                                        }, 
                                                        {
                                                            "arg_type": 100014, 
                                                            "args_list": [], 
                                                            "sub_type": "CUR_ABILITY"
                                                        }, 
                                                        {
                                                            "arg_type": 100006, 
                                                            "args_list": [], 
                                                            "sub_type": "FOR_EACH_SELECTED_UNIT"
                                                        }, 
                                                        {
                                                            "arg_type": 100064, 
                                                            "args_list": [
                                                                1
                                                            ], 
                                                            "sub_type": 1
                                                        }, 
                                                        {
                                                            "arg_type": 100000, 
                                                            "args_list": [
                                                                {
                                                                    "arg_type": 100116, 
                                                                    "args_list": [
                                                                        {
                                                                            "arg_type": 100006, 
                                                                            "args_list": [], 
                                                                            "sub_type": "ABILITY_OWNER"
                                                                        }
                                                                    ], 
                                                                    "sub_type": "GET_UNIT_KEY_OF_UNIT"
                                                                }, 
                                                                {
                                                                    "arg_type": 100043, 
                                                                    "args_list": [
                                                                        "attack_mag"
                                                                    ], 
                                                                    "sub_type": 1
                                                                }
                                                            ], 
                                                            "sub_type": "GET_UNIT_KEY_ATTR"
                                                        }, 
                                                        {
                                                            "arg_type": 100001, 
                                                            "args_list": [
                                                                true
                                                            ], 
                                                            "sub_type": 1
                                                        }
                                                    ], 
                                                    "bp": false, 
                                                    "element_id": 2027696129000054, 
                                                    "enable": true, 
                                                    "op_arg": [
                                                        {
                                                            "arg_type": 100001, 
                                                            "args_list": [
                                                                true
                                                            ], 
                                                            "sub_type": 1
                                                        }, 
                                                        {
                                                            "arg_type": 100001, 
                                                            "args_list": [
                                                                true
                                                            ], 
                                                            "sub_type": 1
                                                        }, 
                                                        {
                                                            "arg_type": 100001, 
                                                            "args_list": [
                                                                true
                                                            ], 
                                                            "sub_type": 1
                                                        }, 
                                                        null, 
                                                        {
                                                            "arg_type": 100003, 
                                                            "args_list": [
                                                                {
                                                                    "arg_type": 100014, 
                                                                    "args_list": [], 
                                                                    "sub_type": "CUR_ABILITY"
                                                                }, 
                                                                {
                                                                    "arg_type": 100003, 
                                                                    "args_list": [
                                                                        "\u53d7\u51fb\u7279\u6548\u6302\u63a5\u70b9"
                                                                    ], 
                                                                    "sub_type": 1
                                                                }
                                                            ], 
                                                            "sub_type": "GET_STRING_KV"
                                                        }, 
                                                        null, 
                                                        null, 
                                                        null, 
                                                        null
                                                    ], 
                                                    "op_arg_enable": [
                                                        false, 
                                                        false, 
                                                        false, 
                                                        false, 
                                                        false, 
                                                        false, 
                                                        false, 
                                                        false, 
                                                        false
                                                    ]
                                                }, 
                                                {
                                                    "action_type": "CREATE_SFX_ON_UNIT_NEW", 
                                                    "args_list": [
                                                        {
                                                            "arg_type": 100066, 
                                                            "args_list": [
                                                                {
                                                                    "arg_type": 100014, 
                                                                    "args_list": [], 
                                                                    "sub_type": "CUR_ABILITY"
                                                                }, 
                                                                {
                                                                    "arg_type": 100003, 
                                                                    "args_list": [
                                                                        "\u53d7\u51fb\u7279\u6548\u7c7b\u578b"
                                                                    ], 
                                                                    "sub_type": 1
                                                                }
                                                            ], 
                                                            "sub_type": "GET_SFX_KEY_KV"
                                                        }, 
                                                        {
                                                            "arg_type": 100006, 
                                                            "args_list": [], 
                                                            "sub_type": "FOR_EACH_SELECTED_UNIT"
                                                        }, 
                                                        {
                                                            "arg_type": 100003, 
                                                            "args_list": [
                                                                {
                                                                    "arg_type": 100014, 
                                                                    "args_list": [], 
                                                                    "sub_type": "CUR_ABILITY"
                                                                }, 
                                                                {
                                                                    "arg_type": 100003, 
                                                                    "args_list": [
                                                                        "\u53d7\u51fb\u7279\u6548\u6302\u63a5\u70b9"
                                                                    ], 
                                                                    "sub_type": 1
                                                                }
                                                            ], 
                                                            "sub_type": "GET_STRING_KV"
                                                        }, 
                                                        {
                                                            "arg_type": 500220, 
                                                            "args_list": [
                                                                2
                                                            ], 
                                                            "sub_type": 1
                                                        }, 
                                                        {
                                                            "arg_type": 100001, 
                                                            "args_list": [
                                                                false
                                                            ], 
                                                            "sub_type": 1
                                                        }
                                                    ], 
                                                    "bp": false, 
                                                    "element_id": 916566019000126, 
                                                    "enable": true, 
                                                    "op_arg": [
                                                        {
                                                            "arg_type": 100000, 
                                                            "args_list": [
                                                                {
                                                                    "arg_type": 100014, 
                                                                    "args_list": [], 
                                                                    "sub_type": "CUR_ABILITY"
                                                                }, 
                                                                {
                                                                    "arg_type": 100003, 
                                                                    "args_list": [
                                                                        "\u53d7\u51fb\u7279\u6548\u7f29\u653e"
                                                                    ], 
                                                                    "sub_type": 1
                                                                }
                                                            ], 
                                                            "sub_type": "GET_FLOAT_KV"
                                                        }, 
                                                        null, 
                                                        null, 
                                                        {
                                                            "arg_type": 100001, 
                                                            "args_list": [
                                                                true
                                                            ], 
                                                            "sub_type": 1
                                                        }, 
                                                        {
                                                            "arg_type": 100001, 
                                                            "args_list": [
                                                                true
                                                            ], 
                                                            "sub_type": 1
                                                        }
                                                    ], 
                                                    "op_arg_enable": [
                                                        true, 
                                                        false, 
                                                        false, 
                                                        false, 
                                                        false
                                                    ]
                                                }, 
                                                {
                                                    "action_type": "GROUP_ADD_UNIT", 
                                                    "args_list": [
                                                        {
                                                            "arg_type": 100006, 
                                                            "args_list": [], 
                                                            "sub_type": "FOR_EACH_SELECTED_UNIT"
                                                        }, 
                                                        {
                                                            "arg_type": 100026, 
                                                            "args_list": [
                                                                {
                                                                    "__tuple__": true, 
                                                                    "items": [
                                                                        "UNIT_GROUP", 
                                                                        "\u5355\u6b21\u4f24\u5bb3\u5355\u4f4d\u7ec4", 
                                                                        "actor"
                                                                    ]
                                                                }
                                                            ], 
                                                            "sub_type": 14
                                                        }
                                                    ], 
                                                    "bp": false, 
                                                    "element_id": 916566019000151, 
                                                    "enable": true
                                                }, 
                                                {
                                                    "action_type": "RUN_ONCE_TIMER_NO_SAVE", 
                                                    "args_list": [
                                                        {
                                                            "arg_type": 100000, 
                                                            "args_list": [
                                                                0.5
                                                            ], 
                                                            "sub_type": 1
                                                        }, 
                                                        {
                                                            "arg_type": 100022, 
                                                            "args_list": [
                                                                {
                                                                    "action_type": "REMOVE_UNIT_ENTITY_IN_GROUP", 
                                                                    "args_list": [
                                                                        {
                                                                            "arg_type": 100026, 
                                                                            "args_list": [
                                                                                {
                                                                                    "__tuple__": true, 
                                                                                    "items": [
                                                                                        "UNIT_GROUP", 
                                                                                        "\u5355\u6b21\u4f24\u5bb3\u5355\u4f4d\u7ec4", 
                                                                                        "actor"
                                                                                    ]
                                                                                }
                                                                            ], 
                                                                            "sub_type": 14
                                                                        }, 
                                                                        {
                                                                            "arg_type": 100006, 
                                                                            "args_list": [], 
                                                                            "sub_type": "FOR_EACH_SELECTED_UNIT"
                                                                        }
                                                                    ], 
                                                                    "bp": false, 
                                                                    "element_id": 916566019000270, 
                                                                    "enable": true
                                                                }
                                                            ], 
                                                            "sub_type": 1
                                                        }
                                                    ], 
                                                    "bp": false, 
                                                    "element_id": 916566019000258, 
                                                    "enable": true, 
                                                    "local_var": {
                                                        "__tuple__": true, 
                                                        "items": [
                                                            {}, 
                                                            {}
                                                        ]
                                                    }
                                                }
                                            ], 
                                            "sub_type": 1
                                        }
                                    ], 
                                    "bp": false, 
                                    "element_id": 916566019000077, 
                                    "enable": true
                                }
                            ], 
                            "sub_type": 1
                        }
                    ], 
                    "bp": false, 
                    "element_id": 916566019000056, 
                    "enable": true, 
                    "local_var": {
                        "__tuple__": true, 
                        "items": [
                            {}, 
                            {}
                        ]
                    }
                }
            ], 
            "call_enabled": true, 
            "condition": [], 
            "enabled": true, 
            "event": [
                {
                    "args_list": [], 
                    "element_id": 916566019000002, 
                    "enable": true, 
                    "event_type": "ABILITY_SP_END"
                }
            ], 
            "group_id": 10101045, 
            "p_trigger_id": null, 
            "trigger_id": 916566019, 
            "trigger_name": "\u65bd\u6cd5\u51fa\u624b", 
            "valid": true, 
            "var_data": [
                {
                    "POINT": {
                        "\u4f24\u5bb3\u70b9": {
                            "__tuple__": true, 
                            "items": [
                                0, 
                                0, 
                                0
                            ]
                        }
                    }, 
                    "POLYGON": {}, 
                    "ROUND_AREA": {
                        "\u653b\u51fb\u8303\u56f4\u533a\u57df": 0
                    }
                }, 
                {
                    "\u4f24\u5bb3\u70b9": 0, 
                    "\u653b\u51fb\u8303\u56f4\u533a\u57df": 0
                }, 
                [
                    "\u653b\u51fb\u8303\u56f4\u533a\u57df", 
                    "\u4f24\u5bb3\u70b9"
                ]
            ]
        }, 
        "2027696129": {
            "action": [
                {
                    "action_type": "SET_VARIABLE", 
                    "args_list": [
                        {
                            "arg_type": 100030, 
                            "args_list": [
                                [
                                    "INTEGER", 
                                    "\u5f53\u524d\u653b\u51fb\u52a8\u753b\u5e8f\u53f7", 
                                    "local"
                                ]
                            ], 
                            "sub_type": 1
                        }, 
                        {
                            "arg_type": 100002, 
                            "args_list": [
                                {
                                    "arg_type": 100014, 
                                    "args_list": [], 
                                    "sub_type": "CUR_ABILITY"
                                }, 
                                {
                                    "arg_type": 100003, 
                                    "args_list": [
                                        "\u5f53\u524d\u653b\u51fb\u52a8\u753b\u5e8f\u53f7"
                                    ], 
                                    "sub_type": 1
                                }
                            ], 
                            "sub_type": "GET_INTEGER_KV"
                        }
                    ], 
                    "bp": false, 
                    "element_id": 2027696129000039, 
                    "enable": true
                }, 
                {
                    "action_type": "SET_VARIABLE", 
                    "args_list": [
                        {
                            "arg_type": 100030, 
                            "args_list": [
                                {
                                    "__tuple__": true, 
                                    "items": [
                                        "STRING", 
                                        "\u5f53\u524d\u653b\u51fb\u52a8\u753b", 
                                        "local"
                                    ]
                                }
                            ], 
                            "sub_type": 1
                        }, 
                        {
                            "arg_type": 100003, 
                            "args_list": [
                                ""
                            ], 
                            "sub_type": 1
                        }
                    ], 
                    "bp": false, 
                    "element_id": 2027696129000073, 
                    "enable": true
                }, 
                {
                    "action_type": "IF_THEN_ELSE", 
                    "args_list": [
                        {
                            "arg_type": 100021, 
                            "args_list": [
                                {
                                    "args_list": [
                                        {
                                            "arg_type": 100014, 
                                            "args_list": [], 
                                            "sub_type": "CUR_ABILITY"
                                        }, 
                                        {
                                            "arg_type": 100003, 
                                            "args_list": [
                                                {
                                                    "arg_type": 100003, 
                                                    "args_list": [
                                                        "\u653b\u51fb\u52a8\u753b"
                                                    ], 
                                                    "sub_type": 1
                                                }, 
                                                {
                                                    "arg_type": 100003, 
                                                    "args_list": [
                                                        {
                                                            "arg_type": 100002, 
                                                            "args_list": [
                                                                [
                                                                    "INTEGER", 
                                                                    "\u5f53\u524d\u653b\u51fb\u52a8\u753b\u5e8f\u53f7", 
                                                                    "local"
                                                                ]
                                                            ], 
                                                            "sub_type": 6
                                                        }
                                                    ], 
                                                    "sub_type": "ANY_VAR_TO_STR"
                                                }
                                            ], 
                                            "op_arg": [
                                                null, 
                                                null, 
                                                null, 
                                                null, 
                                                null, 
                                                null, 
                                                null, 
                                                null
                                            ], 
                                            "op_arg_enable": [
                                                false, 
                                                false, 
                                                false, 
                                                false, 
                                                false, 
                                                false, 
                                                false, 
                                                false
                                            ], 
                                            "sub_type": "STR_JOIN"
                                        }
                                    ], 
                                    "condition_type": "HAS_KV_ANY", 
                                    "element_id": 2027696129000062, 
                                    "enable": true
                                }
                            ], 
                            "sub_type": 1
                        }, 
                        {
                            "arg_type": 100022, 
                            "args_list": [
                                {
                                    "action_type": "SET_ENTITY_KV", 
                                    "args_list": [
                                        {
                                            "arg_type": 100014, 
                                            "args_list": [], 
                                            "sub_type": "CUR_ABILITY"
                                        }, 
                                        {
                                            "arg_type": 100003, 
                                            "args_list": [
                                                "\u5f53\u524d\u653b\u51fb\u52a8\u753b\u5e8f\u53f7"
                                            ], 
                                            "sub_type": 1
                                        }, 
                                        {
                                            "arg_type": 100002, 
                                            "args_list": [
                                                {
                                                    "arg_type": 100002, 
                                                    "args_list": [
                                                        [
                                                            "INTEGER", 
                                                            "\u5f53\u524d\u653b\u51fb\u52a8\u753b\u5e8f\u53f7", 
                                                            "local"
                                                        ]
                                                    ], 
                                                    "sub_type": 6
                                                }, 
                                                {
                                                    "arg_type": 100016, 
                                                    "args_list": [
                                                        "+"
                                                    ], 
                                                    "sub_type": 1
                                                }, 
                                                {
                                                    "arg_type": 100002, 
                                                    "args_list": [
                                                        1
                                                    ], 
                                                    "sub_type": 1
                                                }
                                            ], 
                                            "sub_type": "MATH_OPERATION"
                                        }
                                    ], 
                                    "bp": false, 
                                    "element_id": 2027696129000119, 
                                    "enable": true
                                }, 
                                {
                                    "action_type": "SET_VARIABLE", 
                                    "args_list": [
                                        {
                                            "arg_type": 100030, 
                                            "args_list": [
                                                {
                                                    "__tuple__": true, 
                                                    "items": [
                                                        "STRING", 
                                                        "\u5f53\u524d\u653b\u51fb\u52a8\u753b", 
                                                        "local"
                                                    ]
                                                }
                                            ], 
                                            "sub_type": 1
                                        }, 
                                        {
                                            "arg_type": 100003, 
                                            "args_list": [
                                                {
                                                    "arg_type": 100014, 
                                                    "args_list": [], 
                                                    "sub_type": "CUR_ABILITY"
                                                }, 
                                                {
                                                    "arg_type": 100003, 
                                                    "args_list": [
                                                        {
                                                            "arg_type": 100003, 
                                                            "args_list": [
                                                                "\u653b\u51fb\u52a8\u753b"
                                                            ], 
                                                            "sub_type": 1
                                                        }, 
                                                        {
                                                            "arg_type": 100003, 
                                                            "args_list": [
                                                                {
                                                                    "arg_type": 100002, 
                                                                    "args_list": [
                                                                        [
                                                                            "INTEGER", 
                                                                            "\u5f53\u524d\u653b\u51fb\u52a8\u753b\u5e8f\u53f7", 
                                                                            "local"
                                                                        ]
                                                                    ], 
                                                                    "sub_type": 6
                                                                }
                                                            ], 
                                                            "sub_type": "ANY_VAR_TO_STR"
                                                        }
                                                    ], 
                                                    "op_arg": [
                                                        null, 
                                                        null, 
                                                        null, 
                                                        null, 
                                                        null, 
                                                        null, 
                                                        null, 
                                                        null
                                                    ], 
                                                    "op_arg_enable": [
                                                        false, 
                                                        false, 
                                                        false, 
                                                        false, 
                                                        false, 
                                                        false, 
                                                        false, 
                                                        false
                                                    ], 
                                                    "sub_type": "STR_JOIN"
                                                }
                                            ], 
                                            "sub_type": "GET_STRING_KV"
                                        }
                                    ], 
                                    "bp": false, 
                                    "element_id": 2027696129000088, 
                                    "enable": true
                                }
                            ], 
                            "sub_type": 1
                        }, 
                        {
                            "arg_type": 100022, 
                            "args_list": [
                                {
                                    "action_type": "SET_ENTITY_KV", 
                                    "args_list": [
                                        {
                                            "arg_type": 100014, 
                                            "args_list": [], 
                                            "sub_type": "CUR_ABILITY"
                                        }, 
                                        {
                                            "arg_type": 100003, 
                                            "args_list": [
                                                "\u5f53\u524d\u653b\u51fb\u52a8\u753b\u5e8f\u53f7"
                                            ], 
                                            "sub_type": 1
                                        }, 
                                        {
                                            "arg_type": 100002, 
                                            "args_list": [
                                                1
                                            ], 
                                            "sub_type": 1
                                        }
                                    ], 
                                    "bp": false, 
                                    "element_id": 2027696129000136, 
                                    "enable": true
                                }, 
                                {
                                    "action_type": "SET_VARIABLE", 
                                    "args_list": [
                                        {
                                            "arg_type": 100030, 
                                            "args_list": [
                                                {
                                                    "__tuple__": true, 
                                                    "items": [
                                                        "STRING", 
                                                        "\u5f53\u524d\u653b\u51fb\u52a8\u753b", 
                                                        "local"
                                                    ]
                                                }
                                            ], 
                                            "sub_type": 1
                                        }, 
                                        {
                                            "arg_type": 100003, 
                                            "args_list": [
                                                {
                                                    "arg_type": 100014, 
                                                    "args_list": [], 
                                                    "sub_type": "CUR_ABILITY"
                                                }, 
                                                {
                                                    "arg_type": 100003, 
                                                    "args_list": [
                                                        "\u653b\u51fb\u52a8\u753b1"
                                                    ], 
                                                    "sub_type": 1
                                                }
                                            ], 
                                            "sub_type": "GET_STRING_KV"
                                        }
                                    ], 
                                    "bp": false, 
                                    "element_id": 2027696129000096, 
                                    "enable": true
                                }
                            ], 
                            "sub_type": 1
                        }
                    ], 
                    "bp": false, 
                    "element_id": 2027696129000053, 
                    "enable": true, 
                    "fake_op": [
                        2
                    ]
                }, 
                {
                    "action_type": "PLAY_ANIMATION", 
                    "args_list": [
                        {
                            "arg_type": 100006, 
                            "args_list": [], 
                            "sub_type": "ABILITY_OWNER"
                        }, 
                        {
                            "arg_type": 100003, 
                            "args_list": [
                                {
                                    "__tuple__": true, 
                                    "items": [
                                        "STRING", 
                                        "\u5f53\u524d\u653b\u51fb\u52a8\u753b", 
                                        "local"
                                    ]
                                }
                            ], 
                            "sub_type": 2
                        }, 
                        {
                            "arg_type": 100000, 
                            "args_list": [
                                1.0
                            ], 
                            "sub_type": 1
                        }, 
                        {
                            "arg_type": 100000, 
                            "args_list": [
                                0.0
                            ], 
                            "sub_type": 1
                        }, 
                        {
                            "arg_type": 100000, 
                            "args_list": [
                                -1.0
                            ], 
                            "sub_type": 1
                        }, 
                        {
                            "arg_type": 100001, 
                            "args_list": [
                                false
                            ], 
                            "sub_type": 1
                        }, 
                        {
                            "arg_type": 100001, 
                            "args_list": [
                                true
                            ], 
                            "sub_type": 1
                        }
                    ], 
                    "bp": false, 
                    "element_id": 2027696129000032, 
                    "enable": true
                }
            ], 
            "call_enabled": true, 
            "condition": [], 
            "enabled": true, 
            "event": [
                {
                    "args_list": [], 
                    "element_id": 2027696129000016, 
                    "enable": true, 
                    "event_type": "ABILITY_PS_END"
                }
            ], 
            "group_id": 10101045, 
            "p_trigger_id": null, 
            "trigger_id": 2027696129, 
            "trigger_name": "\u65bd\u6cd5\u5f15\u5bfc", 
            "valid": true, 
            "var_data": [
                {
                    "INTEGER": {
                        "\u5f53\u524d\u653b\u51fb\u52a8\u753b\u5e8f\u53f7": 0
                    }, 
                    "STRING": {
                        "\u5f53\u524d\u653b\u51fb\u52a8\u753b": ""
                    }
                }, 
                {
                    "\u5f53\u524d\u653b\u51fb\u52a8\u753b": 0, 
                    "\u5f53\u524d\u653b\u51fb\u52a8\u753b\u5e8f\u53f7": 0
                }, 
                [
                    "\u5f53\u524d\u653b\u51fb\u52a8\u753b\u5e8f\u53f7", 
                    "\u5f53\u524d\u653b\u51fb\u52a8\u753b"
                ]
            ]
        }
    }, 
    "trigger_group_info": [
        {
            "_trigger_group_": true, 
            "group": [
                {
                    "__tuple__": true, 
                    "items": [
                        2027696129, 
                        "\u65bd\u6cd5\u5f15\u5bfc"
                    ]
                }, 
                {
                    "__tuple__": true, 
                    "items": [
                        916566019, 
                        "\u65bd\u6cd5\u51fa\u624b"
                    ]
                }, 
                {
                    "__tuple__": true, 
                    "items": [
                        398446596, 
                        "\u65b0\u5efa\u89e6\u53d1\u5668_2"
                    ]
                }
            ], 
            "key": 10101045, 
            "name": "10101045"
        }
    ], 
    "trigger_version": "1.2", 
    "variable_dict": {
        "INTEGER": {
            "\u7d22\u5f15": 1
        }, 
        "NEW_TIMER": {
            "\u4f24\u5bb3\u8ba1\u65f6\u5668": -1
        }, 
        "UNIT_ENTITY": {
            "\u76ee\u6807\u5355\u4f4d": 0
        }, 
        "UNIT_GROUP": {
            "\u5355\u6b21\u4f24\u5bb3\u5355\u4f4d\u7ec4": []
        }
    }, 
    "variable_group_info": [
        {
            "__tuple__": true, 
            "items": [
                "\u76ee\u6807\u5355\u4f4d", 
                "\u76ee\u6807\u5355\u4f4d"
            ]
        }, 
        {
            "__tuple__": true, 
            "items": [
                "\u7d22\u5f15", 
                "\u7d22\u5f15"
            ]
        }, 
        {
            "__tuple__": true, 
            "items": [
                "\u4f24\u5bb3\u8ba1\u65f6\u5668", 
                "\u4f24\u5bb3\u8ba1\u65f6\u5668"
            ]
        }, 
        {
            "__tuple__": true, 
            "items": [
                "\u5355\u6b21\u4f24\u5bb3\u5355\u4f4d\u7ec4", 
                "\u5355\u6b21\u4f24\u5bb3\u5355\u4f4d\u7ec4"
            ]
        }
    ], 
    "variable_length_dict": {
        "\u4f24\u5bb3\u8ba1\u65f6\u5668": 0, 
        "\u5355\u6b21\u4f24\u5bb3\u5355\u4f4d\u7ec4": 0, 
        "\u76ee\u6807\u5355\u4f4d": 0, 
        "\u7d22\u5f15": 0
    }
}