{
    "206663": {
        "describe": -615654030, 
        "editor_res": false, 
        "key": 206663, 
        "map_name": "\u6d77\u5916\u4e00\u7c7b", 
        "model_id": 900105, 
        "name": -47220935, 
        "offical_tags": {
            "__tuple__": true, 
            "items": [
                "\u5199\u5b9e", 
                "\u602a\u7269", 
                "\u9b54\u5e7b", 
                "\u7cbe\u82f1", 
                "\u5f3a\u58ee", 
                "\u7cbe\u7075", 
                "\u7d2b\u8272", 
                "P8(\u897f\u65b9\u9b54\u5e7b\u7cfb\u5217)"
            ]
        }, 
        "pickbound": {
            "__tuple__": true, 
            "items": [
                0.8, 
                1.97
            ]
        }, 
        "preview_icon": "UP1ModelPreview/206663", 
        "release_delete": {
            "__tuple__": true, 
            "items": []
        }, 
        "res_group": 69, 
        "res_identify": "all", 
        "res_type": "code_Role,code_Monster", 
        "select_effect_scale": 1.0, 
        "size": 1.0, 
        "socket_info": {}, 
        "source": "code_Source_Import", 
        "uid": "editor_model_206663"
    }
}